Name,GivenName,SurName,SamAccount,Password,Email,Office Phone,City,Title,Organizational,Group
Roary Cox,Roary,Cox,mgr-001,Pa$$worD,elit.Nulla@ornare.net,(096)-4587-3516,Satka,Senior,Managers,HN_Managers
Xenos Douglas,Xenos,Douglas,mgr-002,Pa$$worD,eleifend@netuset.edu,(019)-3118-9398,Yongin,Senior,Managers,HN_Managers
Hamilton Donaldson,Hamilton,Donaldson,mgr-003,Pa$$worD,augue@Sedcongueelit.ca,(079)-8570-7700,Avigliano Umbro,Senior,Managers,HN_Managers
Xerxes Noel,Xerxes,Noel,mgr-004,Pa$$worD,vitae.odio.sagittis@enimcondimentum.com,(050)-9064-4935,Patna,Senior,Managers,HN_Managers
Leroy Woods,Leroy,Woods,mgr-005,Pa$$worD,tempus@sollicitudina.com,(093)-4467-9905,Nelson,Senior,Managers,HN_Managers
Oprah Burgess,Oprah,Burgess,mgr-006,Pa$$worD,vulputate.ullamcorper.magna@Curabitursedtortor.net,(054)-8517-1261,Neustrelitz,Senior,Managers,HN_Managers
Darryl Evans,Darryl,Evans,mgr-007,Pa$$worD,Nullam@blanditmattis.com,(010)-8141-5793,Talgarth,Senior,Managers,HN_Managers
Kennedy Acevedo,Kennedy,Acevedo,mgr-008,Pa$$worD,urna.Nunc@Utsemperpretium.edu,(087)-3237-6025,Hannover,Senior,Managers,HN_Managers
Noelle Mcgee,Noelle,Mcgee,mgr-009,Pa$$worD,eu.lacus.Quisque@fermentumfermentumarcu.ca,(095)-2900-9028,Gresham,Senior,Managers,HN_Managers
Fiona Sanders,Fiona,Sanders,mgr-010,Pa$$worD,ac.mattis@euismodestarcu.net,(050)-6989-2582,Oostende,Senior,Managers,HN_Managers
Kaseem Joseph,Kaseem,Joseph,mgr-011,Pa$$worD,Nulla.facilisis@sagittisfelis.net,(033)-2829-5770,Lambayeque,Senior,Managers,HN_Managers
Kylie Travis,Kylie,Travis,mgr-012,Pa$$worD,vehicula.et.rutrum@velitCraslorem.edu,(018)-0253-4836,Vancouver,Senior,Managers,HN_Managers
Venus Humphrey,Venus,Humphrey,mgr-013,Pa$$worD,Cras.pellentesque@ullamcorpervelitin.edu,(032)-2138-6237,Cartagena,Senior,Managers,HN_Managers
Tanner Fitzgerald,Tanner,Fitzgerald,mgr-014,Pa$$worD,a.neque.Nullam@Nullasemper.co.uk,(003)-5866-8659,Papasidero,Senior,Managers,HN_Managers
Dolan Griffith,Dolan,Griffith,mgr-015,Pa$$worD,Aenean.massa.Integer@nonarcu.edu,(001)-8814-8205,Pittsburgh,Senior,Managers,HN_Managers
Duncan Mcneil,Duncan,Mcneil,mgr-016,Pa$$worD,et@loremsit.org,(037)-8368-8186,Sesto Campano,Senior,Managers,HN_Managers
Maisie Estes,Maisie,Estes,mgr-017,Pa$$worD,convallis@estNunc.edu,(008)-8479-0006,Yangju,Senior,Managers,HN_Managers
Martina Davidson,Martina,Davidson,mgr-018,Pa$$worD,sem.vitae@eutellus.co.uk,(084)-3720-6633,Yangju,Senior,Managers,HN_Managers
Lillith Mcknight,Lillith,Mcknight,mgr-019,Pa$$worD,neque.et.nunc@feugiat.edu,(000)-5230-9841,Merbes,Senior,Managers,HN_Managers
Austin Pugh,Austin,Pugh,mgr-020,Pa$$worD,Integer.eu.lacus@antebibendum.edu,(045)-7914-0643,Bierk Bierghes,Senior,Managers,HN_Managers
Jade Bryant,Jade,Bryant,mgr-021,Pa$$worD,tincidunt.neque.vitae@sodales.com,(045)-2116-5836,Coutisse,Senior,Managers,HN_Managers
Armand Guerra,Armand,Guerra,mgr-022,Pa$$worD,malesuada.fames@sagittis.co.uk,(023)-1180-8810,Puente Alto,Senior,Managers,HN_Managers
Sonia Massey,Sonia,Massey,mgr-023,Pa$$worD,fermentum.convallis@ac.co.uk,(086)-3402-0299,Merdorp,Senior,Managers,HN_Managers
Xerxes Johnston,Xerxes,Johnston,mgr-024,Pa$$worD,a.ultricies@Mauris.edu,(025)-6647-8527,Viggiano,Senior,Managers,HN_Managers
Nadine Estrada,Nadine,Estrada,mgr-025,Pa$$worD,luctus.felis.purus@auguemalesuada.co.uk,(092)-6867-2675,Kruibeke,Senior,Managers,HN_Managers
Anthony Morin,Anthony,Morin,com-001,Pa$$worD,quam.a.felis@ipsumprimis.ca,(072)-8937-6926,Cour-sur-Heure,Junior,Competitors,HN_Competitors
Camilla Buck,Camilla,Buck,com-002,Pa$$worD,justo@infaucibusorci.net,(039)-2344-6088,Joondalup,Junior,Competitors,HN_Competitors
Halee Britt,Halee,Britt,com-003,Pa$$worD,lectus@tellus.co.uk,(070)-0206-3399,Salisbury,Junior,Competitors,HN_Competitors
Melinda Landry,Melinda,Landry,com-004,Pa$$worD,dictum@nec.edu,(031)-3691-4548,Bussolengo,Junior,Competitors,HN_Competitors
Lewis Pratt,Lewis,Pratt,com-005,Pa$$worD,dolor@semelit.edu,(073)-2471-6994,Mayerthorpe,Junior,Competitors,HN_Competitors
Rudyard Burch,Rudyard,Burch,com-006,Pa$$worD,risus.Nulla@magna.net,(095)-2687-7097,Lansing,Junior,Competitors,HN_Competitors
Shay Reynolds,Shay,Reynolds,com-007,Pa$$worD,imperdiet.non@interdumligulaeu.org,(001)-8159-1629,Lansing,Junior,Competitors,HN_Competitors
Derek Curry,Derek,Curry,com-008,Pa$$worD,sem.Nulla@maurissapiencursus.org,(098)-9089-7563,Lansing,Junior,Competitors,HN_Competitors
Eric Pena,Eric,Pena,com-009,Pa$$worD,interdum@ac.ca,(037)-8746-6890,Sittard,Junior,Competitors,HN_Competitors
Cora Johnston,Cora,Johnston,com-010,Pa$$worD,nibh.lacinia.orci@sitamet.net,(050)-5770-9719,Vidnoye,Junior,Competitors,HN_Competitors
Kay Burns,Kay,Burns,com-011,Pa$$worD,vitae@pellentesque.edu,(015)-7648-3643,Akhisar,Junior,Competitors,HN_Competitors
Shelley Gomez,Shelley,Gomez,com-012,Pa$$worD,sociis.natoque.penatibus@aliquetmolestie.ca,(015)-1798-8295,Reutlingen,Junior,Competitors,HN_Competitors
Brenda Hull,Brenda,Hull,com-013,Pa$$worD,sollicitudin.a@Aliquamnec.org,(093)-7550-9390,Stroitel,Junior,Competitors,HN_Competitors
Gannon Greer,Gannon,Greer,com-014,Pa$$worD,ultrices@auctor.co.uk,(055)-3013-0919,Stroitel,Junior,Competitors,HN_Competitors
Amber Dunn,Amber,Dunn,com-015,Pa$$worD,pharetra@utsem.com,(063)-2201-4748,Tarcento,Junior,Competitors,HN_Competitors
Eugenia Waters,Eugenia,Waters,com-016,Pa$$worD,Fusce@et.co.uk,(045)-2195-7707,Bad Neuenahr-Ahrweiler,Junior,Competitors,HN_Competitors
Solomon Booth,Solomon,Booth,com-017,Pa$$worD,congue@lacinia.ca,(001)-7288-3103,Shatura,Junior,Competitors,HN_Competitors
Timon Baldwin,Timon,Baldwin,com-018,Pa$$worD,cursus.luctus@ligula.com,(070)-7998-7296,Gretna,Junior,Competitors,HN_Competitors
Stacy Weber,Stacy,Weber,com-019,Pa$$worD,interdum@nuncest.com,(001)-9480-4824,Canora,Junior,Competitors,HN_Competitors
Raphael Rivas,Raphael,Rivas,com-020,Pa$$worD,ante@orciluctus.com,(066)-3578-3121,Providencia,Junior,Competitors,HN_Competitors
Armando Fleming,Armando,Fleming,com-021,Pa$$worD,congue@sedhendrerita.ca,(015)-8095-3278,Molenbeersel,Junior,Competitors,HN_Competitors
Zenia Melton,Zenia,Melton,com-022,Pa$$worD,eu@duiquis.ca,(038)-0157-2108,Solingen,Junior,Competitors,HN_Competitors
Graham Trujillo,Graham,Trujillo,com-023,Pa$$worD,elit@lacuspedesagittis.net,(032)-3542-9377,Sapele,Junior,Competitors,HN_Competitors
Dale Brewer,Dale,Brewer,com-024,Pa$$worD,accumsan@CraspellentesqueSed.ca,(014)-1886-0278,Santiago,Junior,Competitors,HN_Competitors
Beau Pacheco,Beau,Pacheco,com-025,Pa$$worD,dui.quis.accumsan@nibh.ca,(032)-3811-3591,Santiago,Junior,Competitors,HN_Competitors
Oprah Mueller,Oprah,Mueller,com-026,Pa$$worD,sit.amet@vitaesemperegestas.com,(067)-3457-2702,Orai,Junior,Competitors,HN_Competitors
Octavius Booth,Octavius,Booth,com-027,Pa$$worD,dignissim.lacus.Aliquam@eratvolutpatNulla.co.uk,(046)-5335-7905,Lavoir,Junior,Competitors,HN_Competitors
Garrett Whitehead,Garrett,Whitehead,com-028,Pa$$worD,eros@euultrices.co.uk,(053)-8236-6269,Zaria,Junior,Competitors,HN_Competitors
Camden Hartman,Camden,Hartman,com-029,Pa$$worD,ultricies.ornare.elit@diamnuncullamcorper.net,(060)-4694-6137,Yellowhead County,Junior,Competitors,HN_Competitors
Fiona Robinson,Fiona,Robinson,com-030,Pa$$worD,Aliquam@sitamet.org,(019)-4790-5729,Parbhani,Junior,Competitors,HN_Competitors
Caryn Maldonado,Caryn,Maldonado,com-031,Pa$$worD,Morbi@sem.org,(033)-7526-5811,Castlegar,Junior,Competitors,HN_Competitors
Caesar Cooke,Caesar,Cooke,com-032,Pa$$worD,semper.et.lacinia@sem.co.uk,(076)-8566-1852,Siedlce,Junior,Competitors,HN_Competitors
Robin Schneider,Robin,Schneider,com-033,Pa$$worD,quis.massa@pharetraQuisqueac.com,(076)-6735-2117,Central Jakarta,Junior,Competitors,HN_Competitors
Palmer Perkins,Palmer,Perkins,com-034,Pa$$worD,ligula.tortor@AeneanmassaInteger.com,(010)-5058-1907,Koblenz,Junior,Competitors,HN_Competitors
Kiayada Greer,Kiayada,Greer,com-035,Pa$$worD,facilisis@vitaeerat.net,(091)-7064-8206,Robechies,Junior,Competitors,HN_Competitors
Octavius Dean,Octavius,Dean,exp-001,Pa$$worD,eget.metus.eu@Cras.org,(008)-2221-3756,Uijeongbu,Junior,Experts,HN_Experts
Austin Cain,Austin,Cain,exp-002,Pa$$worD,odio.Nam.interdum@vellectusCum.net,(006)-7563-4986,Strona,Junior,Experts,HN_Experts
Brent Puckett,Brent,Puckett,exp-003,Pa$$worD,in@atsem.ca,(083)-4684-5433,Nizip,Junior,Experts,HN_Experts
Ila Parks,Ila,Parks,exp-004,Pa$$worD,sit.amet.ultricies@sagittisfelisDonec.com,(045)-1548-8660,Nizip,Junior,Experts,HN_Experts
Jamal Branch,Jamal,Branch,exp-005,Pa$$worD,luctus@elitCurabitur.com,(014)-0935-4087,Blue Mountains,Junior,Experts,HN_Experts
Elizabeth Yates,Elizabeth,Yates,exp-006,Pa$$worD,augue.scelerisque.mollis@etarcu.net,(091)-5488-4278,Baidyabati,Junior,Experts,HN_Experts
Patricia Garner,Patricia,Garner,exp-007,Pa$$worD,montes@seddolor.ca,(021)-0118-3406,Haripur,Junior,Experts,HN_Experts
Oren Reed,Oren,Reed,exp-008,Pa$$worD,dictum@metussitamet.org,(025)-1249-4968,Duncan,Junior,Experts,HN_Experts
Bradley Weber,Bradley,Weber,exp-009,Pa$$worD,urna.Nunc@DonecnibhQuisque.net,(093)-7737-1594,Cap-Rouge,Junior,Experts,HN_Experts
Keith Marsh,Keith,Marsh,exp-010,Pa$$worD,In.condimentum.Donec@semmollisdui.co.uk,(086)-8439-9571,Bikaner,Junior,Experts,HN_Experts
Quyn Pugh,Quyn,Pugh,exp-011,Pa$$worD,nec.metus.facilisis@velquamdignissim.ca,(074)-1200-3783,St. Austell,Junior,Experts,HN_Experts
Sopoline Campbell,Sopoline,Campbell,exp-012,Pa$$worD,magna@felisDonec.edu,(087)-7815-3862,Evesham,Junior,Experts,HN_Experts
Daryl Mcbride,Daryl,Mcbride,exp-013,Pa$$worD,diam.Proin@elitEtiam.net,(017)-7299-1751,Allein,Junior,Experts,HN_Experts
Skyler Pittman,Skyler,Pittman,exp-014,Pa$$worD,Nulla@ante.co.uk,(079)-8089-7831,Tolyatti,Junior,Experts,HN_Experts
Phyllis Barton,Phyllis,Barton,exp-015,Pa$$worD,porttitor@sapien.edu,(048)-3331-8916,Manavgat,Junior,Experts,HN_Experts
Audrey Bates,Audrey,Bates,exp-016,Pa$$worD,ante.dictum.mi@ornarefacilisis.edu,(054)-5950-3560,Mirzapur-cum-Vindhyachal,Junior,Experts,HN_Experts
Demetria Guy,Demetria,Guy,exp-017,Pa$$worD,dictum.Phasellus.in@quis.com,(012)-0283-6485,Lahore,Junior,Experts,HN_Experts
Philip Huber,Philip,Huber,exp-018,Pa$$worD,erat.Etiam@magnaCrasconvallis.edu,(067)-8880-2388,Lahore,Junior,Experts,HN_Experts
Blossom Reese,Blossom,Reese,exp-019,Pa$$worD,euismod.urna.Nullam@Crasdolor.edu,(061)-6035-0609,Wibrin,Junior,Experts,HN_Experts
Lev Torres,Lev,Torres,exp-020,Pa$$worD,nunc.ullamcorper@Morbineque.ca,(051)-4418-3053,Kendari,Junior,Experts,HN_Experts
Damon Singleton,Damon,Singleton,vis-001,Pa$$worD,nascetur.ridiculus@Sed.com,(094)-1070-3576,Tczew,Junior,Visitors,HN_Visitors
Denton Hull,Denton,Hull,vis-002,Pa$$worD,adipiscing@erosnon.ca,(032)-2233-9458,Colloredo di Monte Albano,Junior,Visitors,HN_Visitors
Jaden Burton,Jaden,Burton,vis-003,Pa$$worD,dictum@eu.org,(040)-2736-1486,Ammanford,Junior,Visitors,HN_Visitors
Abigail Mccarthy,Abigail,Mccarthy,vis-004,Pa$$worD,egestas@nunc.org,(062)-9434-3835,Manokwari,Junior,Visitors,HN_Visitors
Allegra Hopper,Allegra,Hopper,vis-005,Pa$$worD,Nunc.ullamcorper@cursusInteger.edu,(044)-2541-8257,Lanester,Junior,Visitors,HN_Visitors
Jackson Henson,Jackson,Henson,vis-006,Pa$$worD,sapien@egestas.ca,(093)-1318-6191,Leiden,Junior,Visitors,HN_Visitors
Raya Reese,Raya,Reese,vis-007,Pa$$worD,neque@egetodio.net,(049)-6150-4898,Tywyn,Junior,Visitors,HN_Visitors
Inga Hughes,Inga,Hughes,vis-008,Pa$$worD,egestas.blandit.Nam@tellus.com,(084)-1266-5920,Fort Smith,Junior,Visitors,HN_Visitors
Adam Thompson,Adam,Thompson,vis-009,Pa$$worD,scelerisque.lorem@vehicula.co.uk,(006)-2285-8335,Waardamme,Junior,Visitors,HN_Visitors
Maia Morales,Maia,Morales,vis-010,Pa$$worD,Nunc.ac.sem@Duis.org,(017)-6310-0601,Blumenau,Junior,Visitors,HN_Visitors
Alexandra Oneil,Alexandra,Oneil,vis-011,Pa$$worD,ligula@ullamcorpervelit.co.uk,(054)-5977-0788,Skovorodino,Junior,Visitors,HN_Visitors
Germane Chandler,Germane,Chandler,vis-012,Pa$$worD,ut.sem.Nulla@arcuMorbisit.co.uk,(099)-0632-3778,Charleroi,Junior,Visitors,HN_Visitors
Miriam Huffman,Miriam,Huffman,vis-013,Pa$$worD,amet@eratvolutpat.ca,(032)-8141-7629,Leffinge,Junior,Visitors,HN_Visitors
Christen Middleton,Christen,Middleton,vis-014,Pa$$worD,Etiam.vestibulum@nonleoVivamus.org,(082)-6498-0526,Nijmegen,Junior,Visitors,HN_Visitors
Hashim Horne,Hashim,Horne,vis-015,Pa$$worD,dis@turpisnonenim.com,(009)-9917-7473,Shillong,Junior,Visitors,HN_Visitors
Mollie Madden,Mollie,Madden,vis-016,Pa$$worD,nisl.elementum@enim.com,(049)-1824-0371,Paris,Junior,Visitors,HN_Visitors
Timothy Bartlett,Timothy,Bartlett,vis-017,Pa$$worD,facilisis@orciquis.net,(039)-2176-8196,Fochabers,Junior,Visitors,HN_Visitors
Ira Soto,Ira,Soto,vis-018,Pa$$worD,libero.lacus@acarcu.org,(062)-8055-5938,Salihli,Junior,Visitors,HN_Visitors
Sylvester Montoya,Sylvester,Montoya,vis-019,Pa$$worD,lorem.hningilla.ornare@eleifend.co.uk,(096)-3976-5297,Bear,Junior,Visitors,HN_Visitors
Myles Herring,Myles,Herring,vis-020,Pa$$worD,purus@est.co.uk,(014)-8078-7617,Vorst,Junior,Visitors,HN_Visitors
